"北京经济技术开发区管理委员会","0 ","0","1 ","5","2 ","243","3 ","98","4 ","4","  ","0"
"北京市安全生产监督管理局","0 ","0","1 ","0","2 ","84","3 ","73","4 ","2","  ","0"
"北京市财政局","0 ","0","1 ","0","2 ","47","3 ","19","4 ","3","  ","0"
"北京市昌平区安全生产监督管理局","0 ","0","1 ","9","2 ","56","3 ","14","4 ","0","  ","0"
"北京市昌平区财政局","0 ","0","1 ","7","2 ","31","3 ","6","4 ","0","  ","0"
"北京市昌平区城市管理综合行政执法监察局","0 ","0","1 ","99","2 ","200","3 ","11","4 ","0","  ","0"
"北京市昌平区档案局","0 ","0","1 ","1","2 ","27","3 ","3","4 ","0","  ","0"
"北京市昌平区地方税务局","0 ","0","1 ","41","2 ","244","3 ","34","4 ","2","  ","0"
"北京市昌平区地震局","0 ","0","1 ","2","2 ","9","3 ","0","4 ","0","  ","0"
"北京市昌平区发展和改革委员会","0 ","0","1 ","17","2 ","56","3 ","20","4 ","2","  ","0"
"北京市昌平区公安消防支队","0 ","0","1 ","1","2 ","34","3 ","3","4 ","0","  ","0"
"北京市昌平区国家保密局","0 ","0","1 ","0","2 ","4","3 ","1","4 ","0","  ","0"
"北京市昌平区环境保护局","0 ","0","1 ","11","2 ","70","3 ","7","4 ","0","  ","0"
"北京市昌平区机构编制委员会办公室","0 ","0","1 ","1","2 ","4","3 ","2","4 ","0","  ","0"
"北京市昌平区交通局","0 ","0","1 ","68","2 ","73","3 ","0","4 ","0","  ","0"
"北京市昌平区教育委员会","0 ","0","1 ","2","2 ","23","3 ","10","4 ","0","  ","0"
"北京市昌平区经济和信息化委员会","0 ","0","1 ","0","2 ","3","3 ","1","4 ","0","  ","0"
"北京市昌平区科学技术委员会","0 ","0","1 ","0","2 ","9","3 ","1","4 ","0","  ","0"
"北京市昌平区旅游发展委员会","0 ","0","1 ","10","2 ","30","3 ","1","4 ","0","  ","0"
"北京市昌平区民防局","0 ","0","1 ","3","2 ","12","3 ","1","4 ","0","  ","0"
"北京市昌平区民政局","0 ","0","1 ","11","2 ","41","3 ","5","4 ","0","  ","0"
"北京市昌平区民族宗教事务办公室","0 ","0","1 ","0","2 ","4","3 ","3","4 ","0","  ","0"
"北京市昌平区农业局","0 ","0","1 ","27","2 ","59","3 ","11","4 ","2","  ","0"
"北京市昌平区气象局","0 ","0","1 ","0","2 ","2","3 ","3","4 ","0","  ","0"
"北京市昌平区人力资源和社会保障局","0 ","0","1 ","8","2 ","77","3 ","18","4 ","0","  ","0"
"北京市昌平区人民政府法制办公室","0 ","0","1 ","0","2 ","8","3 ","3","4 ","0","  ","0"
"北京市昌平区商务委员会","0 ","0","1 ","6","2 ","20","3 ","0","4 ","0","  ","0"
"北京市昌平区审计局","0 ","0","1 ","6","2 ","42","3 ","6","4 ","1","  ","0"
"北京市昌平区食品药品监督管理局","0 ","0","1 ","18","2 ","105","3 ","20","4 ","0","  ","0"
"北京市昌平区市政市容管理委员会","0 ","0","1 ","1","2 ","14","3 ","1","4 ","0","  ","0"
"北京市昌平区水务局","0 ","0","1 ","89","2 ","106","3 ","9","4 ","0","  ","0"
"北京市昌平区司法局","0 ","0","1 ","2","2 ","38","3 ","3","4 ","1","  ","0"
"北京市昌平区体育局","0 ","0","1 ","0","2 ","3","3 ","0","4 ","0","  ","0"
"北京市昌平区统计局","0 ","0","1 ","1","2 ","96","3 ","25","4 ","0","  ","0"
"北京市昌平区卫生和计划生育委员会","0 ","0","1 ","12","2 ","50","3 ","8","4 ","0","  ","0"
"北京市昌平区文化委员会","0 ","0","1 ","2","2 ","8","3 ","2","4 ","0","  ","0"
"北京市昌平区烟草专卖局","0 ","0","1 ","3","2 ","27","3 ","7","4 ","0","  ","0"
"北京市昌平区园林绿化局","0 ","0","1 ","21","2 ","16","3 ","2","4 ","0","  ","0"
"北京市昌平区知识产权局","0 ","0","1 ","1","2 ","0","3 ","0","4 ","0","  ","0"
"北京市昌平区质量技术监督局","0 ","0","1 ","9","2 ","28","3 ","6","4 ","0","  ","0"
"北京市昌平区住房和城乡建设委员会","0 ","0","1 ","25","2 ","170","3 ","20","4 ","1","  ","0"
"北京市朝阳区安全生产监督管理局","0 ","0","1 ","2","2 ","107","3 ","30","4 ","0","  ","0"
"北京市朝阳区财政局","0 ","0","1 ","0","2 ","12","3 ","9","4 ","0","  ","0"
"北京市朝阳区城市管理委员会","0 ","0","1 ","6","2 ","29","3 ","11","4 ","0","  ","0"
"北京市朝阳区城市管理综合行政执法监察局","0 ","0","1 ","91","2 ","831","3 ","107","4 ","1","  ","0"
"北京市朝阳区档案局","0 ","0","1 ","0","2 ","20","3 ","4","4 ","0","  ","0"
"北京市朝阳区地方税务局","0 ","0","1 ","57","2 ","429","3 ","27","4 ","0","  ","0"
"北京市朝阳区地震局","0 ","0","1 ","0","2 ","2","3 ","0","4 ","0","  ","0"
"北京市朝阳区发展和改革委员会","0 ","0","1 ","1","2 ","37","3 ","12","4 ","0","  ","0"
"北京市朝阳区房屋管理局","0 ","0","1 ","29","2 ","63","3 ","2","4 ","0","  ","0"
"北京市朝阳区公安消防支队","0 ","0","1 ","2","2 ","100","3 ","14","4 ","0","  ","0"
"北京市朝阳区国家保密局","0 ","0","1 ","0","2 ","2","3 ","3","4 ","0","  ","0"
"北京市朝阳区环境保护局","0 ","0","1 ","13","2 ","81","3 ","13","4 ","0","  ","0"
"北京市朝阳区教育委员会","0 ","0","1 ","5","2 ","73","3 ","36","4 ","0","  ","0"
"北京市朝阳区科学技术委员会","0 ","0","1 ","2","2 ","9","3 ","6","4 ","0","  ","0"
"北京市朝阳区旅游发展委员会","0 ","0","1 ","0","2 ","16","3 ","7","4 ","1","  ","0"
"北京市朝阳区民防局","0 ","0","1 ","7","2 ","57","3 ","3","4 ","0","  ","0"
"北京市朝阳区民政局","0 ","0","1 ","11","2 ","75","3 ","11","4 ","0","  ","0"
"北京市朝阳区农村工作委员会","0 ","0","1 ","23","2 ","92","3 ","4","4 ","0","  ","0"
"北京市朝阳区气象局","0 ","0","1 ","0","2 ","2","3 ","4","4 ","0","  ","0"
"北京市朝阳区人力资源和社会保障局","0 ","0","1 ","43","2 ","54","3 ","12","4 ","0","  ","0"
"北京市朝阳区人民政府","0 ","0","1 ","4","2 ","86","3 ","14","4 ","0","  ","0"
"北京市朝阳区人民政府法制办公室","0 ","0","1 ","1","2 ","19","3 ","2","4 ","0","  ","0"
"北京市朝阳区人民政府民族宗教办公室","0 ","0","1 ","0","2 ","9","3 ","6","4 ","0","  ","0"
"北京市朝阳区商务委员会","0 ","0","1 ","0","2 ","18","3 ","8","4 ","0","  ","0"
"北京市朝阳区审计局","0 ","0","1 ","5","2 ","52","3 ","16","4 ","1","  ","0"
"北京市朝阳区食品药品监督管理局","0 ","0","1 ","21","2 ","169","3 ","46","4 ","1","  ","0"
"北京市朝阳区水务局","0 ","0","1 ","16","2 ","95","3 ","15","4 ","1","  ","0"
"北京市朝阳区司法局","0 ","0","1 ","0","2 ","16","3 ","15","4 ","0","  ","0"
"北京市朝阳区体育局","0 ","0","1 ","0","2 ","5","3 ","0","4 ","0","  ","0"
"北京市朝阳区统计局","0 ","0","1 ","13","2 ","121","3 ","13","4 ","0","  ","0"
"北京市朝阳区卫生和计划生育委员会","0 ","0","1 ","12","2 ","110","3 ","47","4 ","5","  ","0"
"北京市朝阳区文化委员会","0 ","0","1 ","0","2 ","31","3 ","1","4 ","0","  ","0"
"北京市朝阳区信息化工作办公室","0 ","0","1 ","0","2 ","2","3 ","2","4 ","0","  ","0"
"北京市朝阳区烟草专卖局","0 ","0","1 ","39","2 ","44","3 ","15","4 ","0","  ","0"
"北京市朝阳区园林绿化局","0 ","0","1 ","13","2 ","21","3 ","4","4 ","0","  ","0"
"北京市朝阳区质量技术监督局","0 ","0","1 ","1","2 ","46","3 ","10","4 ","0","  ","0"
"北京市朝阳区住房和城乡建设委员会","0 ","0","1 ","0","2 ","78","3 ","14","4 ","0","  ","0"
"北京市城市管理委员会","0 ","0","1 ","2","2 ","98","3 ","50","4 ","5","  ","0"
"北京市城市管理综合行政执法局","0 ","0","1 ","4","2 ","239","3 ","63","4 ","3","  ","0"
"北京市城市管理综合行政执法局天安门分局","0 ","0","1 ","10","2 ","83","3 ","16","4 ","0","  ","0"
"北京市大兴区安全生产监督管理局","0 ","0","1 ","4","2 ","63","3 ","7","4 ","0","  ","0"
"北京市大兴区财政局","0 ","0","1 ","4","2 ","48","3 ","4","4 ","0","  ","0"
"北京市大兴区城市管理综合行政执法监察局","0 ","0","1 ","28","2 ","225","3 ","27","4 ","0","  ","0"
"北京市大兴区档案局","0 ","0","1 ","4","2 ","25","3 ","3","4 ","0","  ","0"
"北京市大兴区地方税务局","0 ","0","1 ","17","2 ","269","3 ","16","4 ","0","  ","0"
"北京市大兴区地震局","0 ","0","1 ","1","2 ","6","3 ","3","4 ","0","  ","0"
"北京市大兴区动物卫生监督管理局","0 ","1","1 ","28","2 ","67","3 ","9","4 ","0","  ","0"
"北京市大兴区发展和改革委员会","0 ","0","1 ","2","2 ","44","3 ","5","4 ","0","  ","0"
"北京市大兴区公安消防支队","0 ","0","1 ","0","2 ","41","3 ","4","4 ","0","  ","0"
"北京市大兴区国家保密局","0 ","0","1 ","1","2 ","3","3 ","1","4 ","0","  ","0"
"北京市大兴区环境保护局","0 ","0","1 ","22","2 ","60","3 ","8","4 ","0","  ","0"
"北京市大兴区交通局","0 ","0","1 ","19","2 ","85","3 ","13","4 ","0","  ","0"
"北京市大兴区教育委员会","0 ","0","1 ","0","2 ","20","3 ","4","4 ","0","  ","0"
"北京市大兴区经济和信息化委员会","0 ","0","1 ","0","2 ","7","3 ","2","4 ","0","  ","0"
"北京市大兴区科学技术委员会","0 ","0","1 ","1","2 ","8","3 ","2","4 ","0","  ","0"
"北京市大兴区旅游发展委员会","0 ","0","1 ","0","2 ","10","3 ","0","4 ","0","  ","0"
"北京市大兴区民防局","0 ","0","1 ","5","2 ","16","3 ","3","4 ","0","  ","0"
"北京市大兴区民政局","0 ","0","1 ","10","2 ","64","3 ","17","4 ","0","  ","0"
"北京市大兴区民族事务委员会","0 ","0","1 ","1","2 ","3","3 ","0","4 ","0","  ","0"
"北京市大兴区农业局","0 ","0","1 ","48","2 ","98","3 ","7","4 ","2","  ","0"
"北京市大兴区气象局","0 ","0","1 ","0","2 ","4","3 ","2","4 ","0","  ","0"
"北京市大兴区人力资源和社会保障局","0 ","0","1 ","7","2 ","74","3 ","19","4 ","0","  ","0"
"北京市大兴区人民政府","0 ","0","1 ","0","2 ","1","3 ","2","4 ","0","  ","0"
"北京市大兴区人民政府法制办公室","0 ","0","1 ","0","2 ","15","3 ","5","4 ","0","  ","0"
"北京市大兴区商务委员会","0 ","0","1 ","2","2 ","20","3 ","5","4 ","0","  ","0"
"北京市大兴区审计局","0 ","0","1 ","1","2 ","49","3 ","6","4 ","0","  ","0"
"北京市大兴区食品药品监督管理局","0 ","16","1 ","1","2 ","92","3 ","8","4 ","0","  ","0"
"北京市大兴区市政市容管理委员会","0 ","0","1 ","1","2 ","13","3 ","16","4 ","0","  ","0"
"北京市大兴区水务局","0 ","0","1 ","28","2 ","62","3 ","7","4 ","0","  ","0"
"北京市大兴区司法局","0 ","0","1 ","1","2 ","43","3 ","7","4 ","0","  ","0"
"北京市大兴区体育局","0 ","0","1 ","1","2 ","6","3 ","1","4 ","0","  ","0"
"北京市大兴区统计局","0 ","0","1 ","11","2 ","134","3 ","40","4 ","0","  ","0"
"北京市大兴区卫生和计划生育委员会","0 ","0","1 ","1","2 ","61","3 ","21","4 ","0","  ","0"
"北京市大兴区文化委员会","0 ","0","1 ","6","2 ","8","3 ","1","4 ","0","  ","0"
"北京市大兴区烟草专卖局","0 ","0","1 ","12","2 ","32","3 ","5","4 ","0","  ","0"
"北京市大兴区园林绿化局","0 ","0","1 ","30","2 ","92","3 ","11","4 ","0","  ","0"
"北京市大兴区质量技术监督局","0 ","0","1 ","5","2 ","39","3 ","10","4 ","0","  ","0"
"北京市大兴区住房和城乡建设委员会","0 ","0","1 ","28","2 ","86","3 ","19","4 ","0","  ","0"
"北京市档案局","0 ","0","1 ","4","2 ","49","3 ","27","4 ","6","  ","0"
"北京市地方税务局","0 ","0","1 ","45","2 ","160","3 ","47","4 ","1","  ","0"
"北京市地方税务局第二稽查局","0 ","0","1 ","3","2 ","77","3 ","5","4 ","0","  ","0"
"北京市地方税务局第二直属税务分局北京市地方税务局西站分局","0 ","0","1 ","0","2 ","55","3 ","9","4 ","1","  ","0"
"北京市地方税务局第三稽查局","0 ","0","1 ","0","2 ","58","3 ","15","4 ","0","  ","0"
"北京市地方税务局第四稽查局","0 ","0","1 ","1","2 ","60","3 ","11","4 ","0","  ","0"
"北京市地方税务局第一稽查局","0 ","0","1 ","9","2 ","106","3 ","13","4 ","1","  ","0"
"北京市地方税务局第一直属税务分局北京市地方税务局第五稽查局","0 ","0","1 ","1","2 ","50","3 ","3","4 ","0","  ","0"
"北京市地方税务局开发区分局","0 ","0","1 ","2","2 ","75","3 ","5","4 ","0","  ","0"
"北京市地方税务局燕山分局北京市地方税务局第六稽查局","0 ","0","1 ","8","2 ","74","3 ","1","4 ","0","  ","0"
"北京市地震局","0 ","0","1 ","5","2 ","26","3 ","14","4 ","2","  ","0"
"北京市东城区安全生产监督管理局","0 ","0","1 ","1","2 ","38","3 ","22","4 ","0","  ","0"
"北京市东城区财政局","0 ","0","1 ","1","2 ","14","3 ","3","4 ","0","  ","0"
"北京市东城区城市管理委员会","0 ","0","1 ","0","2 ","26","3 ","1","4 ","0","  ","0"
"北京市东城区城市管理综合行政执法监察局","0 ","0","1 ","99","2 ","328","3 ","75","4 ","2","  ","0"
"北京市东城区档案局","0 ","0","1 ","1","2 ","24","3 ","5","4 ","1","  ","0"
"北京市东城区地方税务局","0 ","0","1 ","87","2 ","607","3 ","90","4 ","1","  ","0"
"北京市东城区地震局","0 ","0","1 ","0","2 ","3","3 ","0","4 ","0","  ","0"
"北京市东城区发展和改革委员会","0 ","0","1 ","11","2 ","35","3 ","6","4 ","0","  ","0"
"北京市东城区房屋管理局","0 ","0","1 ","12","2 ","63","3 ","22","4 ","0","  ","0"
"北京市东城区公安消防支队","0 ","1","1 ","5","2 ","67","3 ","13","4 ","0","  ","0"
"北京市东城区国家保密局","0 ","0","1 ","0","2 ","3","3 ","3","4 ","0","  ","0"
"北京市东城区环境保护局","0 ","2","1 ","5","2 ","80","3 ","1","4 ","0","  ","0"
"北京市东城区教育委员会","0 ","0","1 ","0","2 ","26","3 ","18","4 ","0","  ","0"
"北京市东城区科学技术委员会","0 ","0","1 ","0","2 ","5","3 ","3","4 ","0","  ","0"
"北京市东城区旅游发展委员会","0 ","0","1 ","0","2 ","5","3 ","2","4 ","0","  ","0"
"北京市东城区民防局","0 ","0","1 ","1","2 ","17","3 ","4","4 ","1","  ","0"
"北京市东城区民政局","0 ","0","1 ","3","2 ","34","3 ","1","4 ","0","  ","0"
"北京市东城区民族宗教事务办公室","0 ","0","1 ","0","2 ","10","3 ","3","4 ","2","  ","0"
"北京市东城区人力资源和社会保障局","0 ","0","1 ","4","2 ","144","3 ","25","4 ","1","  ","0"
"北京市东城区人民政府","0 ","0","1 ","0","2 ","22","3 ","10","4 ","0","  ","0"
"北京市东城区人民政府法制办公室","0 ","0","1 ","1","2 ","26","3 ","4","4 ","1","  ","0"
"北京市东城区人民政府节约用水办公室","0 ","0","1 ","0","2 ","15","3 ","0","4 ","0","  ","0"
"北京市东城区商务委员会","0 ","0","1 ","1","2 ","15","3 ","10","4 ","0","  ","0"
"北京市东城区审计局","0 ","0","1 ","0","2 ","38","3 ","13","4 ","0","  ","0"
"北京市东城区食品药品监督管理局","0 ","0","1 ","21","2 ","150","3 ","28","4 ","1","  ","0"
"北京市东城区司法局","0 ","0","1 ","3","2 ","40","3 ","16","4 ","0","  ","0"
"北京市东城区体育局","0 ","0","1 ","0","2 ","9","3 ","1","4 ","0","  ","0"
"北京市东城区统计局","0 ","0","1 ","4","2 ","56","3 ","22","4 ","0","  ","0"
"北京市东城区卫生和计划生育委员会","0 ","0","1 ","13","2 ","136","3 ","31","4 ","1","  ","0"
"北京市东城区文化委员会","0 ","0","1 ","3","2 ","20","3 ","10","4 ","0","  ","0"
"北京市东城区烟草专卖局","0 ","0","1 ","8","2 ","33","3 ","7","4 ","0","  ","0"
"北京市东城区园林绿化局","0 ","0","1 ","0","2 ","11","3 ","0","4 ","0","  ","0"
"北京市东城区质量技术监督局","0 ","0","1 ","2","2 ","35","3 ","14","4 ","0","  ","0"
"北京市东城区住房和城市建设委员会","0 ","0","1 ","22","2 ","75","3 ","11","4 ","0","  ","0"
"北京市发展和改革委员会","0 ","0","1 ","8","2 ","151","3 ","251","4 ","38","  ","0"
"北京市房山区安全生产监督管理局","0 ","0","1 ","21","2 ","57","3 ","9","4 ","0","  ","0"
"北京市房山区财政局","0 ","0","1 ","1","2 ","91","3 ","2","4 ","0","  ","0"
"北京市房山区城市管理委员会","0 ","0","1 ","1","2 ","15","3 ","1","4 ","0","  ","0"
"北京市房山区城市管理综合行政执法监察局","0 ","0","1 ","40","2 ","205","3 ","37","4 ","0","  ","0"
"北京市房山区档案局","0 ","0","1 ","0","2 ","21","3 ","10","4 ","0","  ","0"
"北京市房山区地方税务局","0 ","0","1 ","17","2 ","201","3 ","29","4 ","0","  ","0"
"北京市房山区地震局","0 ","0","1 ","1","2 ","5","3 ","0","4 ","0","  ","0"
"北京市房山区发展和改革委员会","0 ","0","1 ","7","2 ","44","3 ","11","4 ","1","  ","0"
"北京市房山区公安消防支队","0 ","0","1 ","0","2 ","35","3 ","2","4 ","0","  ","0"
"北京市房山区国家保密局","0 ","0","1 ","0","2 ","7","3 ","1","4 ","0","  ","0"
"北京市房山区环境保护局","0 ","0","1 ","21","2 ","102","3 ","13","4 ","0","  ","0"
"北京市房山区机构编制委员会办公室","0 ","0","1 ","0","2 ","8","3 ","3","4 ","0","  ","0"
"北京市房山区交通局","0 ","0","1 ","68","2 ","156","3 ","13","4 ","0","  ","0"
"北京市房山区教育委员会","0 ","0","1 ","0","2 ","18","3 ","3","4 ","0","  ","0"
"北京市房山区经济和信息化委员会","0 ","0","1 ","0","2 ","4","3 ","1","4 ","0","  ","0"
"北京市房山区科学技术委员会","0 ","0","1 ","0","2 ","7","3 ","0","4 ","1","  ","0"
"北京市房山区旅游发展委员会","0 ","0","1 ","0","2 ","12","3 ","1","4 ","0","  ","0"
"北京市房山区民防局","0 ","0","1 ","3","2 ","25","3 ","0","4 ","0","  ","0"
"北京市房山区民政局","0 ","0","1 ","12","2 ","62","3 ","20","4 ","0","  ","0"
"北京市房山区农村工作委员会","0 ","0","1 ","82","2 ","117","3 ","9","4 ","0","  ","0"
"北京市房山区农业局","0 ","0","1 ","12","2 ","8","3 ","0","4 ","0","  ","0"
"北京市房山区气象局","0 ","0","1 ","0","2 ","5","3 ","2","4 ","0","  ","0"
"北京市房山区人力资源和社会保障局","0 ","0","1 ","24","2 ","95","3 ","16","4 ","0","  ","0"
"北京市房山区人民政府","0 ","0","1 ","2","2 ","6","3 ","1","4 ","0","  ","0"
"北京市房山区人民政府法制办公室","0 ","0","1 ","2","2 ","12","3 ","5","4 ","0","  ","0"
"北京市房山区商务委员会","0 ","0","1 ","5","2 ","30","3 ","4","4 ","0","  ","0"
"北京市房山区审计局","0 ","0","1 ","1","2 ","47","3 ","9","4 ","0","  ","0"
"北京市房山区食品药品监督管理局","0 ","0","1 ","6","2 ","90","3 ","27","4 ","0","  ","0"
"北京市房山区水务局","0 ","0","1 ","28","2 ","51","3 ","11","4 ","0","  ","0"
"北京市房山区司法局","0 ","0","1 ","4","2 ","16","3 ","2","4 ","0","  ","0"
"北京市房山区体育局","0 ","0","1 ","7","2 ","31","3 ","4","4 ","0","  ","0"
"北京市房山区统计局","0 ","0","1 ","2","2 ","71","3 ","13","4 ","0","  ","0"
"北京市房山区卫生和计划生育委员会","0 ","0","1 ","5","2 ","65","3 ","10","4 ","1","  ","0"
"北京市房山区文化委员会","0 ","0","1 ","4","2 ","14","3 ","0","4 ","0","  ","0"
"北京市房山区烟草专卖局","0 ","0","1 ","12","2 ","22","3 ","4","4 ","0","  ","0"
"北京市房山区燕山发展和改革委员会","0 ","0","1 ","1","2 ","8","3 ","1","4 ","0","  ","0"
"北京市房山区燕山交通管理中心","0 ","0","1 ","8","2 ","14","3 ","0","4 ","0","  ","0"
"北京市房山区园林绿化局","0 ","0","1 ","40","2 ","94","3 ","11","4 ","0","  ","0"
"北京市房山区质量技术监督局","0 ","0","1 ","3","2 ","38","3 ","1","4 ","0","  ","0"
"北京市房山区种植业服务中心","0 ","0","1 ","6","2 ","9","3 ","1","4 ","0","  ","0"
"北京市房山区住房和城乡建设委员会","0 ","0","1 ","15","2 ","112","3 ","4","4 ","0","  ","0"
"北京市丰台区爱国卫生运动委员会办公室","0 ","0","1 ","0","2 ","3","3 ","0","4 ","0","  ","0"
"北京市丰台区安全生产监督管理局","0 ","0","1 ","4","2 ","46","3 ","9","4 ","0","  ","0"
"北京市丰台区财政局","0 ","0","1 ","7","2 ","91","3 ","19","4 ","0","  ","0"
"北京市丰台区城市管理综合行政执法监察局","0 ","0","1 ","132","2 ","426","3 ","58","4 ","2","  ","0"
"北京市丰台区档案局","0 ","6","1 ","0","2 ","8","3 ","0","4 ","0","  ","0"
"北京市丰台区地方税务局","0 ","0","1 ","41","2 ","317","3 ","58","4 ","0","  ","0"
"北京市丰台区地震局","0 ","0","1 ","2","2 ","10","3 ","4","4 ","0","  ","0"
"北京市丰台区发展和改革委员会","0 ","0","1 ","3","2 ","25","3 ","14","4 ","1","  ","0"
"北京市丰台区房屋管理局","0 ","0","1 ","25","2 ","68","3 ","8","4 ","0","  ","0"
"北京市丰台区公安消防支队","0 ","0","1 ","1","2 ","63","3 ","7","4 ","0","  ","0"
"北京市丰台区国家保密局","0 ","0","1 ","1","2 ","6","3 ","2","4 ","0","  ","0"
"北京市丰台区环境保护局","0 ","0","1 ","15","2 ","84","3 ","10","4 ","0","  ","0"
"北京市丰台区机构编制委员会办公室","0 ","0","1 ","0","2 ","17","3 ","0","4 ","0","  ","0"
"北京市丰台区教育委员会","0 ","20","1 ","1","2 ","7","3 ","4","4 ","1","  ","0"
"北京市丰台区经济和信息化委员会","0 ","0","1 ","0","2 ","2","3 ","1","4 ","0","  ","0"
"北京市丰台区科学技术委员会","0 ","0","1 ","0","2 ","11","3 ","2","4 ","0","  ","0"
"北京市丰台区旅游发展委员会","0 ","0","1 ","0","2 ","10","3 ","1","4 ","0","  ","0"
"北京市丰台区民防局","0 ","0","1 ","5","2 ","50","3 ","7","4 ","0","  ","0"
"北京市丰台区民政局","0 ","0","1 ","4","2 ","50","3 ","2","4 ","0","  ","0"
"北京市丰台区民族宗教事务办公室","0 ","0","1 ","0","2 ","9","3 ","0","4 ","0","  ","0"
"北京市丰台区农村工作委员会","0 ","0","1 ","17","2 ","54","3 ","17","4 ","0","  ","0"
"北京市丰台区气象局","0 ","0","1 ","0","2 ","6","3 ","1","4 ","0","  ","0"
"北京市丰台区人力资源和社会保障局","0 ","0","1 ","9","2 ","152","3 ","28","4 ","0","  ","0"
"北京市丰台区人民政府","0 ","0","1 ","6","2 ","86","3 ","25","4 ","0","  ","0"
"北京市丰台区人民政府法制办公室","0 ","0","1 ","2","2 ","14","3 ","6","4 ","0","  ","0"
"北京市丰台区商务委员会","0 ","0","1 ","0","2 ","8","3 ","0","4 ","0","  ","0"
"北京市丰台区审计局","0 ","0","1 ","3","2 ","41","3 ","10","4 ","0","  ","0"
"北京市丰台区食品药品监督管理局","0 ","0","1 ","10","2 ","114","3 ","41","4 ","0","  ","0"
"北京市丰台区市政市容管理委员会","0 ","0","1 ","13","2 ","59","3 ","13","4 ","0","  ","0"
"北京市丰台区水务局","0 ","0","1 ","15","2 ","47","3 ","4","4 ","0","  ","0"
"北京市丰台区司法局","0 ","0","1 ","0","2 ","27","3 ","36","4 ","2","  ","0"
"北京市丰台区体育局","0 ","0","1 ","1","2 ","4","3 ","1","4 ","0","  ","0"
"北京市丰台区统计局","0 ","0","1 ","2","2 ","31","3 ","13","4 ","0","  ","0"
"北京市丰台区卫生和计划生育委员会","0 ","0","1 ","19","2 ","75","3 ","28","4 ","5","  ","0"
"北京市丰台区文化委员会","0 ","0","1 ","8","2 ","12","3 ","2","4 ","0","  ","0"
"北京市丰台区烟草专卖局","0 ","0","1 ","14","2 ","40","3 ","4","4 ","1","  ","0"
"北京市丰台区园林绿化局","0 ","0","1 ","28","2 ","70","3 ","6","4 ","0","  ","0"
"北京市丰台区质量技术监督局","0 ","0","1 ","3","2 ","40","3 ","5","4 ","0","  ","0"
"北京市丰台区住房和城乡建设委员会","0 ","0","1 ","8","2 ","74","3 ","22","4 ","0","  ","0"
"北京市工商行政管理局","0 ","0","1 ","20","2 ","203","3 ","68","4 ","0","  ","0"
"北京市工商行政管理局昌平分局","0 ","0","1 ","104","2 ","187","3 ","16","4 ","0","  ","0"
"北京市工商行政管理局朝阳分局","0 ","0","1 ","101","2 ","248","3 ","66","4 ","0","  ","0"
"北京市工商行政管理局大兴分局","0 ","0","1 ","54","2 ","198","3 ","19","4 ","0","  ","0"
"北京市工商行政管理局东城分局","0 ","0","1 ","76","2 ","254","3 ","84","4 ","0","  ","0"
"北京市工商行政管理局房山分局","0 ","0","1 ","67","2 ","156","3 ","19","4 ","0","  ","0"
"北京市工商行政管理局丰台分局","0 ","0","1 ","54","2 ","289","3 ","67","4 ","0","  ","0"
"北京市工商行政管理局海淀分局","0 ","0","1 ","107","2 ","315","3 ","110","4 ","0","  ","0"
"北京市工商行政管理局怀柔分局","0 ","0","1 ","51","2 ","171","3 ","7","4 ","0","  ","0"
"北京市工商行政管理局经济技术开发区分局","0 ","0","1 ","0","2 ","24","3 ","7","4 ","0","  ","0"
"北京市工商行政管理局门头沟分局","0 ","0","1 ","41","2 ","108","3 ","8","4 ","0","  ","0"
"北京市工商行政管理局密云分局","0 ","0","1 ","72","2 ","142","3 ","21","4 ","0","  ","0"
"北京市工商行政管理局平谷分局","0 ","0","1 ","7","2 ","163","3 ","26","4 ","0","  ","0"
"北京市工商行政管理局石景山分局","0 ","0","1 ","28","2 ","94","3 ","30","4 ","0","  ","0"
"北京市工商行政管理局首都机场分局","0 ","0","1 ","1","2 ","17","3 ","3","4 ","0","  ","0"
"北京市工商行政管理局顺义分局","0 ","0","1 ","77","2 ","205","3 ","14","4 ","0","  ","0"
"北京市工商行政管理局天安门分局","0 ","0","1 ","1","2 ","16","3 ","3","4 ","0","  ","0"
"北京市工商行政管理局通州分局","0 ","0","1 ","76","2 ","212","3 ","28","4 ","1","  ","0"
"北京市工商行政管理局西城分局","0 ","0","1 ","90","2 ","230","3 ","91","4 ","0","  ","0"
"北京市工商行政管理局西站分局","0 ","0","1 ","0","2 ","24","3 ","3","4 ","1","  ","0"
"北京市工商行政管理局延庆分局","0 ","0","1 ","41","2 ","136","3 ","12","4 ","0","  ","0"
"北京市工商行政管理局燕山分局","0 ","0","1 ","1","2 ","36","3 ","8","4 ","0","  ","0"
"北京市公安局","0 ","0","1 ","394","2 ","1211","3 ","69","4 ","0","  ","0"
"北京市公安局昌平分局","0 ","0","1 ","260","2 ","915","3 ","58","4 ","0","  ","0"
"北京市公安局朝阳分局","0 ","0","1 ","681","2 ","2337","3 ","167","4 ","3","  ","0"
"北京市公安局出入境管理总队","0 ","0","1 ","19","2 ","123","3 ","23","4 ","1","  ","0"
"北京市公安局大兴分局","0 ","0","1 ","218","2 ","1072","3 ","50","4 ","0","  ","0"
"北京市公安局大兴分局交通支队","0 ","0","1 ","72","2 ","130","3 ","3","4 ","0","  ","0"
"北京市公安局东城分局","0 ","0","1 ","291","2 ","1007","3 ","62","4 ","0","  ","0"
"北京市公安局房山分局","0 ","0","1 ","260","2 ","734","3 ","30","4 ","0","  ","0"
"北京市公安局丰台分局","0 ","0","1 ","553","2 ","1384","3 ","95","4 ","1","  ","0"
"北京市公安局公安交通管理局","0 ","0","1 ","180","2 ","813","3 ","73","4 ","2","  ","0"
"北京市公安局公安交通管理局昌平交通支队","0 ","0","1 ","109","2 ","201","3 ","3","4 ","0","  ","0"
"北京市公安局公安交通管理局朝阳交通支队","0 ","0","1 ","279","2 ","562","3 ","22","4 ","0","  ","0"
"北京市公安局公安交通管理局大兴分局交通支队","0 ","0","1 ","4","2 ","5","3 ","0","4 ","0","  ","0"
"北京市公安局公安交通管理局东城交通支队","0 ","0","1 ","173","2 ","338","3 ","24","4 ","1","  ","0"
"北京市公安局公安交通管理局房山交通支队","0 ","0","1 ","120","2 ","211","3 ","2","4 ","0","  ","0"
"北京市公安局公安交通管理局丰台交通支队","0 ","0","1 ","173","2 ","277","3 ","10","4 ","0","  ","0"
"北京市公安局公安交通管理局海淀交通支队","0 ","0","1 ","160","2 ","494","3 ","23","4 ","1","  ","0"
"北京市公安局公安交通管理局怀柔交通支队","0 ","0","1 ","40","2 ","88","3 ","0","4 ","0","  ","0"
"北京市公安局公安交通管理局开发区交通大队","0 ","0","1 ","18","2 ","50","3 ","0","4 ","0","  ","0"
"北京市公安局公安交通管理局石景山交通支队","0 ","0","1 ","63","2 ","122","3 ","10","4 ","0","  ","0"
"北京市公安局公安交通管理局通州交通支队","0 ","0","1 ","123","2 ","167","3 ","4","4 ","0","  ","0"
"北京市公安局公安交通管理局西城交通支队","0 ","0","1 ","141","2 ","359","3 ","30","4 ","1","  ","0"
"北京市公安局公共交通安全保卫分局","0 ","0","1 ","19","2 ","136","3 ","17","4 ","1","  ","0"
"北京市公安局轨道建设安全保卫分局","0 ","0","1 ","4","2 ","26","3 ","5","4 ","0","  ","0"
"北京市公安局海淀分局","0 ","0","1 ","617","2 ","2103","3 ","79","4 ","0","  ","0"
"北京市公安局怀柔分局","0 ","0","1 ","103","2 ","427","3 ","10","4 ","0","  ","0"
"北京市公安局监所管理总队","0 ","0","1 ","68","2 ","146","3 ","8","4 ","0","  ","0"
"北京市公安局禁毒总队","0 ","0","1 ","5","2 ","35","3 ","8","4 ","0","  ","0"
"北京市公安局经济技术开发区分局","0 ","0","1 ","13","2 ","69","3 ","5","4 ","0","  ","0"
"北京市公安局门头沟分局","0 ","0","1 ","184","2 ","432","3 ","16","4 ","1","  ","0"
"北京市公安局密云分局","0 ","0","1 ","108","2 ","344","3 ","7","4 ","0","  ","0"
"北京市公安局内部单位保卫局","0 ","0","1 ","55","2 ","143","3 ","15","4 ","0","  ","0"
"北京市公安局平谷分局","0 ","0","1 ","203","2 ","645","3 ","11","4 ","0","  ","0"
"北京市公安局平谷分局交通支队","0 ","0","1 ","31","2 ","61","3 ","0","4 ","0","  ","0"
"北京市公安局强制治疗管理处","0 ","0","1 ","30","2 ","281","3 ","22","4 ","1","  ","0"
"北京市公安局清河分局","0 ","0","1 ","10","2 ","27","3 ","5","4 ","0","  ","0"
"北京市公安局人口管理总队","0 ","0","1 ","6","2 ","59","3 ","6","4 ","1","  ","0"
"北京市公安局石景山分局","0 ","0","1 ","190","2 ","757","3 ","52","4 ","0","  ","0"
"北京市公安局顺义分局","0 ","0","1 ","262","2 ","1689","3 ","48","4 ","1","  ","0"
"北京市公安局天安门地区分局","0 ","0","1 ","30","2 ","90","3 ","6","4 ","0","  ","0"
"北京市公安局通州分局","0 ","0","1 ","282","2 ","940","3 ","48","4 ","2","  ","0"
"北京市公安局网络安全保卫总队","0 ","0","1 ","7","2 ","300","3 ","68","4 ","0","  ","0"
"北京市公安局西城分局","0 ","0","1 ","591","2 ","1403","3 ","105","4 ","3","  ","0"
"北京市公安局西站分局","0 ","0","1 ","15","2 ","68","3 ","4","4 ","0","  ","0"
"北京市公安局消防局","0 ","0","1 ","4","2 ","53","3 ","7","4 ","0","  ","0"
"北京市公安局治安管理总队","0 ","0","1 ","53","2 ","173","3 ","31","4 ","0","  ","0"
"北京市规划委员会","0 ","0","1 ","2","2 ","42","3 ","22","4 ","2","  ","0"
"北京市规划委员会昌平分局","0 ","0","1 ","0","2 ","10","3 ","3","4 ","0","  ","0"
"北京市规划委员会朝阳分局","0 ","0","1 ","0","2 ","9","3 ","1","4 ","0","  ","0"
"北京市规划委员会大兴分局","0 ","0","1 ","0","2 ","5","3 ","9","4 ","0","  ","0"
"北京市规划委员会东城分局","0 ","0","1 ","0","2 ","4","3 ","4","4 ","0","  ","0"
"北京市规划委员会房山分局","0 ","0","1 ","1","2 ","4","3 ","3","4 ","0","  ","0"
"北京市规划委员会丰台分局","0 ","0","1 ","0","2 ","5","3 ","1","4 ","0","  ","0"
"北京市规划委员会海淀分局","0 ","0","1 ","1","2 ","8","3 ","1","4 ","0","  ","0"
"北京市规划委员会怀柔分局","0 ","0","1 ","1","2 ","6","3 ","1","4 ","0","  ","0"
"北京市规划委员会经济技术开发区分局","0 ","0","1 ","0","2 ","2","3 ","0","4 ","0","  ","0"
"北京市规划委员会门头沟分局","0 ","0","1 ","0","2 ","4","3 ","2","4 ","0","  ","0"
"北京市规划委员会密云分局","0 ","0","1 ","0","2 ","6","3 ","1","4 ","0","  ","0"
"北京市规划委员会平谷分局","0 ","0","1 ","0","2 ","7","3 ","0","4 ","0","  ","0"
"北京市规划委员会石景山分局","0 ","0","1 ","0","2 ","2","3 ","0","4 ","0","  ","0"
"北京市规划委员会顺义分局","0 ","0","1 ","0","2 ","10","3 ","0","4 ","0","  ","0"
"北京市规划委员会通州分局","0 ","1","1 ","1","2 ","3","3 ","0","4 ","0","  ","0"
"北京市规划委员会西城分局","0 ","0","1 ","1","2 ","9","3 ","2","4 ","0","  ","0"
"北京市规划委员会延庆分局","0 ","0","1 ","3","2 ","3","3 ","0","4 ","0","  ","0"
"北京市国防动员委员会交通战备办公室","0 ","0","1 ","1","2 ","6","3 ","4","4 ","0","  ","0"
"北京市国家保密局","0 ","0","1 ","0","2 ","22","3 ","39","4 ","1","  ","0"
"北京市国家税务局","0 ","0","1 ","0","2 ","3","3 ","0","4 ","0","  ","0"
"北京市国土资源局","0 ","1","1 ","9","2 ","42","3 ","19","4 ","0","  ","0"
"北京市国土资源局昌平分局","0 ","3","1 ","28","2 ","11","3 ","2","4 ","0","  ","0"
"北京市国土资源局朝阳分局","0 ","0","1 ","8","2 ","21","3 ","3","4 ","0","  ","0"
"北京市国土资源局大兴分局","0 ","3","1 ","5","2 ","23","3 ","0","4 ","0","  ","0"
"北京市国土资源局东城分局","0 ","0","1 ","0","2 ","3","3 ","0","4 ","0","  ","0"
"北京市国土资源局房山分局","0 ","0","1 ","38","2 ","48","3 ","5","4 ","0","  ","0"
"北京市国土资源局丰台分局","0 ","0","1 ","2","2 ","27","3 ","3","4 ","0","  ","0"
"北京市国土资源局海淀分局","0 ","0","1 ","2","2 ","26","3 ","4","4 ","0","  ","0"
"北京市国土资源局怀柔分局","0 ","0","1 ","3","2 ","53","3 ","1","4 ","1","  ","0"
"北京市国土资源局门头沟区分局","0 ","0","1 ","0","2 ","35","3 ","4","4 ","1","  ","0"
"北京市国土资源局密云分局","0 ","0","1 ","13","2 ","26","3 ","1","4 ","0","  ","0"
"北京市国土资源局平谷分局","0 ","0","1 ","7","2 ","53","3 ","0","4 ","0","  ","0"
"北京市国土资源局石景山分局","0 ","0","1 ","4","2 ","12","3 ","2","4 ","0","  ","0"
"北京市国土资源局顺义分局","0 ","0","1 ","3","2 ","27","3 ","3","4 ","0","  ","0"
"北京市国土资源局通州分局","0 ","3","1 ","1","2 ","20","3 ","2","4 ","0","  ","0"
"北京市国土资源局西城分局","0 ","0","1 ","0","2 ","2","3 ","1","4 ","0","  ","0"
"北京市国土资源局延庆分局","0 ","0","1 ","11","2 ","68","3 ","4","4 ","0","  ","0"
"北京市海淀区安全生产监督管理局","0 ","0","1 ","3","2 ","36","3 ","4","4 ","0","  ","0"
"北京市海淀区财政局","0 ","0","1 ","2","2 ","16","3 ","8","4 ","0","  ","0"
"北京市海淀区城市管理综合行政执法监察局","0 ","0","1 ","222","2 ","438","3 ","103","4 ","0","  ","0"
"北京市海淀区档案局","0 ","0","1 ","0","2 ","9","3 ","0","4 ","0","  ","0"
"北京市海淀区地方税务局","0 ","0","1 ","51","2 ","491","3 ","52","4 ","5","  ","0"
"北京市海淀区地震局","0 ","0","1 ","1","2 ","8","3 ","2","4 ","0","  ","0"
"北京市海淀区发展和改革委员会","0 ","0","1 ","2","2 ","69","3 ","41","4 ","2","  ","0"
"北京市海淀区房屋管理局","0 ","0","1 ","0","2 ","110","3 ","63","4 ","0","  ","0"
"北京市海淀区房屋征收办公室","0 ","0","1 ","0","2 ","0","3 ","1","4 ","0","  ","0"
"北京市海淀区国家保密局","0 ","0","1 ","0","2 ","7","3 ","2","4 ","0","  ","0"
"北京市海淀区环境保护局","0 ","0","1 ","18","2 ","59","3 ","14","4 ","0","  ","0"
"北京市海淀区机构编制委员会办公室","0 ","0","1 ","0","2 ","1","3 ","1","4 ","0","  ","0"
"北京市海淀区教育委员会","0 ","0","1 ","2","2 ","31","3 ","26","4 ","0","  ","0"
"北京市海淀区科学技术委员会","0 ","0","1 ","0","2 ","8","3 ","4","4 ","2","  ","0"
"北京市海淀区旅游发展委员会","0 ","0","1 ","1","2 ","26","3 ","3","4 ","0","  ","0"
"北京市海淀区民防局","0 ","0","1 ","6","2 ","46","3 ","7","4 ","0","  ","0"
"北京市海淀区民政局","0 ","0","1 ","0","2 ","52","3 ","3","4 ","0","  ","0"
"北京市海淀区农村工作委员会","0 ","3","1 ","13","2 ","61","3 ","19","4 ","0","  ","0"
"北京市海淀区气象局","0 ","0","1 ","0","2 ","6","3 ","2","4 ","0","  ","0"
"北京市海淀区人力资源和社会保障局","0 ","0","1 ","4","2 ","45","3 ","6","4 ","0","  ","0"
"北京市海淀区人民政府","0 ","0","1 ","4","2 ","27","3 ","3","4 ","0","  ","0"
"北京市海淀区人民政府法制办公室","0 ","0","1 ","0","2 ","18","3 ","4","4 ","1","  ","0"
"北京市海淀区人民政府民族宗教侨务办公室","0 ","0","1 ","0","2 ","7","3 ","1","4 ","0","  ","0"
"北京市海淀区商务委员会","0 ","0","1 ","1","2 ","14","3 ","2","4 ","0","  ","0"
"北京市海淀区审计局","0 ","1","1 ","3","2 ","39","3 ","13","4 ","0","  ","0"
"北京市海淀区食品药品监督管理局","0 ","0","1 ","15","2 ","157","3 ","78","4 ","4","  ","0"
"北京市海淀区市政市容管理委员会","0 ","0","1 ","0","2 ","26","3 ","0","4 ","0","  ","0"
"北京市海淀区水务局","0 ","0","1 ","8","2 ","36","3 ","10","4 ","0","  ","0"
"北京市海淀区司法局","0 ","0","1 ","1","2 ","52","3 ","20","4 ","0","  ","0"
"北京市海淀区体育局","0 ","0","1 ","1","2 ","8","3 ","0","4 ","0","  ","0"
"北京市海淀区统计局","0 ","0","1 ","18","2 ","146","3 ","41","4 ","2","  ","0"
"北京市海淀区卫生和计划生育委员会","0 ","0","1 ","6","2 ","97","3 ","62","4 ","4","  ","0"
"北京市海淀区文化委员会","0 ","0","1 ","1","2 ","22","3 ","2","4 ","0","  ","0"
"北京市海淀区消防支队","0 ","0","1 ","2","2 ","69","3 ","8","4 ","0","  ","0"
"北京市海淀区烟草专卖局","0 ","0","1 ","23","2 ","40","3 ","11","4 ","0","  ","0"
"北京市海淀区园林绿化局","0 ","0","1 ","2","2 ","25","3 ","5","4 ","0","  ","0"
"北京市海淀区质量技术监督局","0 ","0","1 ","2","2 ","42","3 ","20","4 ","0","  ","0"
"北京市海淀区住房和城乡建设委员会","0 ","0","1 ","6","2 ","126","3 ","58","4 ","0","  ","0"
"北京市互联网信息办公室","0 ","0","1 ","0","2 ","3","3 ","17","4 ","5","  ","0"
"北京市怀柔区安全生产监督管理局","0 ","0","1 ","2","2 ","32","3 ","5","4 ","0","  ","0"
"北京市怀柔区财政局","0 ","0","1 ","6","2 ","90","3 ","8","4 ","1","  ","0"
"北京市怀柔区城市管理委员会","0 ","0","1 ","7","2 ","46","3 ","2","4 ","0","  ","0"
"北京市怀柔区城市管理综合行政执法监察局","0 ","0","1 ","10","2 ","142","3 ","18","4 ","0","  ","0"
"北京市怀柔区档案局","0 ","0","1 ","0","2 ","14","3 ","1","4 ","0","  ","0"
"北京市怀柔区地方税务局","0 ","0","1 ","21","2 ","192","3 ","22","4 ","0","  ","0"
"北京市怀柔区地震局","0 ","0","1 ","0","2 ","8","3 ","0","4 ","0","  ","0"
"北京市怀柔区发展和改革委员会","0 ","0","1 ","3","2 ","23","3 ","3","4 ","0","  ","0"
"北京市怀柔区公安消防支队","0 ","0","1 ","0","2 ","18","3 ","1","4 ","0","  ","0"
"北京市怀柔区国家保密局","0 ","0","1 ","1","2 ","5","3 ","0","4 ","0","  ","0"
"北京市怀柔区环境保护局","0 ","0","1 ","20","2 ","49","3 ","11","4 ","1","  ","0"
"北京市怀柔区机构编制委员会办公室","0 ","0","1 ","0","2 ","5","3 ","1","4 ","0","  ","0"
"北京市怀柔区交通局","0 ","0","1 ","7","2 ","80","3 ","7","4 ","0","  ","0"
"北京市怀柔区教育委员会","0 ","0","1 ","0","2 ","21","3 ","3","4 ","0","  ","0"
"北京市怀柔区经济和信息化委员会","0 ","0","1 ","0","2 ","3","3 ","0","4 ","0","  ","0"
"北京市怀柔区科学技术委员会","0 ","0","1 ","1","2 ","7","3 ","0","4 ","1","  ","0"
"北京市怀柔区旅游发展委员会","0 ","0","1 ","1","2 ","14","3 ","1","4 ","0","  ","0"
"北京市怀柔区民防局","0 ","0","1 ","0","2 ","9","3 ","0","4 ","0","  ","0"
"北京市怀柔区民政局","0 ","0","1 ","9","2 ","43","3 ","5","4 ","0","  ","0"
"北京市怀柔区民族宗教事务办公室","0 ","0","1 ","0","2 ","8","3 ","0","4 ","0","  ","0"
"北京市怀柔区农村工作委员会","0 ","0","1 ","0","2 ","1","3 ","0","4 ","0","  ","0"
"北京市怀柔区农业局","0 ","0","1 ","72","2 ","75","3 ","9","4 ","0","  ","0"
"北京市怀柔区气象局","0 ","0","1 ","3","2 ","5","3 ","0","4 ","1","  ","0"
"北京市怀柔区人力资源和社会保障局","0 ","0","1 ","6","2 ","92","3 ","12","4 ","0","  ","0"
"北京市怀柔区人民政府","0 ","0","1 ","5","2 ","21","3 ","3","4 ","0","  ","0"
"北京市怀柔区人民政府法制办公室","0 ","0","1 ","0","2 ","13","3 ","2","4 ","0","  ","0"
"北京市怀柔区商务委员会","0 ","0","1 ","1","2 ","31","3 ","4","4 ","0","  ","0"
"北京市怀柔区审计局","0 ","1","1 ","4","2 ","44","3 ","4","4 ","0","  ","0"
"北京市怀柔区食品药品监督管理局","0 ","0","1 ","11","2 ","82","3 ","5","4 ","0","  ","0"
"北京市怀柔区水务局","0 ","0","1 ","32","2 ","111","3 ","6","4 ","0","  ","0"
"北京市怀柔区司法局","0 ","0","1 ","0","2 ","57","3 ","7","4 ","0","  ","0"
"北京市怀柔区体育局","0 ","0","1 ","0","2 ","6","3 ","1","4 ","0","  ","0"
"北京市怀柔区统计局","0 ","0","1 ","4","2 ","86","3 ","19","4 ","0","  ","0"
"北京市怀柔区卫生和计划生育委员会","0 ","0","1 ","7","2 ","49","3 ","6","4 ","0","  ","0"
"北京市怀柔区文化委员会","0 ","0","1 ","1","2 ","13","3 ","3","4 ","0","  ","0"
"北京市怀柔区烟草专卖局","0 ","0","1 ","3","2 ","22","3 ","2","4 ","0","  ","0"
"北京市怀柔区园林绿化局","0 ","0","1 ","32","2 ","76","3 ","9","4 ","0","  ","0"
"北京市怀柔区质量技术监督局","0 ","0","1 ","2","2 ","21","3 ","9","4 ","0","  ","0"
"北京市怀柔区住房和城乡建设委员会","0 ","0","1 ","5","2 ","109","3 ","11","4 ","0","  ","0"
"北京市环境保护局","0 ","0","1 ","6","2 ","118","3 ","57","4 ","2","  ","0"
"北京市机构编制委员会办公室","0 ","0","1 ","0","2 ","1","3 ","9","4 ","0","  ","0"
"北京市交通委员会","0 ","0","1 ","1","2 ","55","3 ","63","4 ","3","  ","0"
"北京市交通委员会路政局","0 ","0","1 ","51","2 ","105","3 ","39","4 ","3","  ","0"
"北京市交通委员会路政局昌平公路分局","0 ","0","1 ","6","2 ","47","3 ","12","4 ","0","  ","0"
"北京市交通委员会路政局大兴公路分局","0 ","0","1 ","5","2 ","45","3 ","0","4 ","0","  ","0"
"北京市交通委员会路政局房山公路分局","0 ","0","1 ","8","2 ","69","3 ","19","4 ","1","  ","0"
"北京市交通委员会路政局怀柔公路分局","0 ","0","1 ","5","2 ","51","3 ","5","4 ","0","  ","0"
"北京市交通委员会路政局门头沟公路分局","0 ","0","1 ","10","2 ","23","3 ","11","4 ","0","  ","0"
"北京市交通委员会路政局密云公路分局","0 ","0","1 ","32","2 ","56","3 ","1","4 ","0","  ","0"
"北京市交通委员会路政局平谷公路分局","0 ","1","1 ","8","2 ","38","3 ","4","4 ","0","  ","0"
"北京市交通委员会路政局顺义公路分局","0 ","0","1 ","14","2 ","47","3 ","16","4 ","0","  ","0"
"北京市交通委员会路政局通州公路分局","0 ","0","1 ","13","2 ","23","3 ","11","4 ","1","  ","0"
"北京市交通委员会路政局延庆公路分局","0 ","0","1 ","17","2 ","26","3 ","6","4 ","0","  ","0"
"北京市交通委员会运输管理局","0 ","2","1 ","71","2 ","301","3 ","101","4 ","1","  ","0"
"北京市交通执法总队","0 ","0","1 ","30","2 ","398","3 ","47","4 ","0","  ","0"
"北京市教育委员会","0 ","0","1 ","2","2 ","46","3 ","90","4 ","11","  ","0"
"北京市金融工作局","0 ","0","1 ","0","2 ","5","3 ","8","4 ","0","  ","0"
"北京市经济和信息化委员会","0 ","0","1 ","3","2 ","52","3 ","58","4 ","2","  ","0"
"北京市经济技术开发区公安消防支队","0 ","0","1 ","0","2 ","19","3 ","2","4 ","0","  ","0"
"北京市科学技术委员会","0 ","0","1 ","1","2 ","18","3 ","39","4 ","11","  ","0"
"北京市粮食局","0 ","0","1 ","0","2 ","34","3 ","13","4 ","0","  ","0"
"北京市旅游发展委员会","0 ","0","1 ","7","2 ","36","3 ","17","4 ","1","  ","0"
"北京市门头沟区爱国卫生运动委员会办公室","0 ","0","1 ","0","2 ","3","3 ","0","4 ","0","  ","0"
"北京市门头沟区安全生产监督管理局","0 ","0","1 ","0","2 ","36","3 ","1","4 ","0","  ","0"
"北京市门头沟区财政局","0 ","0","1 ","2","2 ","71","3 ","8","4 ","0","  ","0"
"北京市门头沟区城市管理综合行政执法监察局","0 ","0","1 ","14","2 ","134","3 ","5","4 ","0","  ","0"
"北京市门头沟区档案局","0 ","0","1 ","0","2 ","4","3 ","1","4 ","0","  ","0"
"北京市门头沟区地方税务局","0 ","0","1 ","30","2 ","170","3 ","27","4 ","0","  ","0"
"北京市门头沟区地震局","0 ","0","1 ","0","2 ","2","3 ","2","4 ","0","  ","0"
"北京市门头沟区发展和改革委员会","0 ","0","1 ","2","2 ","25","3 ","5","4 ","1","  ","0"
"北京市门头沟区公安消防支队","0 ","0","1 ","1","2 ","15","3 ","9","4 ","0","  ","0"
"北京市门头沟区国家保密局","0 ","0","1 ","0","2 ","2","3 ","0","4 ","0","  ","0"
"北京市门头沟区环境保护局","0 ","0","1 ","1","2 ","49","3 ","3","4 ","0","  ","0"
"北京市门头沟区机构编制委员会办公室","0 ","0","1 ","0","2 ","1","3 ","10","4 ","0","  ","0"
"北京市门头沟区交通局","0 ","0","1 ","30","2 ","56","3 ","11","4 ","0","  ","0"
"北京市门头沟区教育委员会","0 ","0","1 ","0","2 ","9","3 ","1","4 ","0","  ","0"
"北京市门头沟区经济和信息化委员会","0 ","0","1 ","0","2 ","2","3 ","1","4 ","0","  ","0"
"北京市门头沟区科学技术委员会","0 ","0","1 ","2","2 ","2","3 ","0","4 ","0","  ","0"
"北京市门头沟区旅游发展委员会","0 ","0","1 ","0","2 ","6","3 ","3","4 ","0","  ","0"
"北京市门头沟区民防局","0 ","0","1 ","1","2 ","17","3 ","0","4 ","0","  ","0"
"北京市门头沟区民政局","0 ","0","1 ","3","2 ","52","3 ","4","4 ","0","  ","0"
"北京市门头沟区民族宗教侨务办公室","0 ","0","1 ","0","2 ","3","3 ","1","4 ","0","  ","0"
"北京市门头沟区农业局","0 ","0","1 ","8","2 ","27","3 ","3","4 ","0","  ","0"
"北京市门头沟区气象局","0 ","0","1 ","1","2 ","3","3 ","2","4 ","0","  ","0"
"北京市门头沟区人力资源和社会保障局","0 ","0","1 ","2","2 ","19","3 ","2","4 ","0","  ","0"
"北京市门头沟区人民政府","0 ","0","1 ","6","2 ","113","3 ","30","4 ","0","  ","0"
"北京市门头沟区人民政府法制办公室","0 ","0","1 ","0","2 ","11","3 ","3","4 ","0","  ","0"
"北京市门头沟区商务委员会","0 ","0","1 ","0","2 ","9","3 ","3","4 ","0","  ","0"
"北京市门头沟区审计局","0 ","0","1 ","1","2 ","21","3 ","7","4 ","0","  ","0"
"北京市门头沟区食品药品监督管理局","0 ","0","1 ","8","2 ","35","3 ","7","4 ","2","  ","0"
"北京市门头沟区市政市容管理委员会","0 ","0","1 ","0","2 ","23","3 ","4","4 ","0","  ","0"
"北京市门头沟区水务局","0 ","0","1 ","11","2 ","44","3 ","9","4 ","0","  ","0"
"北京市门头沟区司法局","0 ","0","1 ","0","2 ","17","3 ","8","4 ","0","  ","0"
"北京市门头沟区体育局","0 ","0","1 ","0","2 ","15","3 ","1","4 ","0","  ","0"
"北京市门头沟区统计局","0 ","1","1 ","5","2 ","55","3 ","22","4 ","0","  ","0"
"北京市门头沟区卫生和计划生育委员会","0 ","0","1 ","2","2 ","42","3 ","7","4 ","0","  ","0"
"北京市门头沟区文化委员会","0 ","0","1 ","3","2 ","8","3 ","6","4 ","0","  ","0"
"北京市门头沟区烟草专卖局","0 ","0","1 ","4","2 ","14","3 ","1","4 ","0","  ","0"
"北京市门头沟区园林绿化局","0 ","1","1 ","23","2 ","62","3 ","7","4 ","0","  ","0"
"北京市门头沟区质量技术监督局","0 ","0","1 ","3","2 ","27","3 ","3","4 ","0","  ","0"
"北京市门头沟区住房和城乡建设委员会","0 ","0","1 ","8","2 ","83","3 ","9","4 ","0","  ","0"
"北京市密云区安全生产监督管理局","0 ","0","1 ","4","2 ","36","3 ","0","4 ","0","  ","0"
"北京市密云区财政局","0 ","0","1 ","25","2 ","218","3 ","66","4 ","0","  ","0"
"北京市密云区城市管理综合行政执法监察局","0 ","0","1 ","21","2 ","168","3 ","2","4 ","0","  ","0"
"北京市密云区档案局","0 ","0","1 ","0","2 ","22","3 ","0","4 ","0","  ","0"
"北京市密云区地方税务局","0 ","0","1 ","40","2 ","187","3 ","19","4 ","0","  ","0"
"北京市密云区地震局","0 ","0","1 ","0","2 ","3","3 ","0","4 ","0","  ","0"
"北京市密云区发展和改革委员会","0 ","0","1 ","5","2 ","16","3 ","11","4 ","0","  ","0"
"北京市密云区公安局交通大队","0 ","0","1 ","40","2 ","76","3 ","0","4 ","0","  ","0"
"北京市密云区公安消防支队","0 ","0","1 ","2","2 ","9","3 ","1","4 ","0","  ","0"
"北京市密云区国家保密局","0 ","0","1 ","0","2 ","4","3 ","0","4 ","0","  ","0"
"北京市密云区环境保护局","0 ","0","1 ","4","2 ","48","3 ","0","4 ","0","  ","0"
"北京市密云区机构编制委员会办公室","0 ","0","1 ","0","2 ","2","3 ","3","4 ","0","  ","0"
"北京市密云区交通局","0 ","0","1 ","40","2 ","114","3 ","1","4 ","0","  ","0"
"北京市密云区教育委员会","0 ","0","1 ","8","2 ","70","3 ","3","4 ","0","  ","0"
"北京市密云区经济和信息化委员会","0 ","0","1 ","0","2 ","3","3 ","1","4 ","0","  ","0"
"北京市密云区科学技术委员会","0 ","0","1 ","1","2 ","4","3 ","0","4 ","0","  ","0"
"北京市密云区旅游发展委员会","0 ","0","1 ","1","2 ","19","3 ","0","4 ","0","  ","0"
"北京市密云区民防局","0 ","0","1 ","1","2 ","19","3 ","2","4 ","0","  ","0"
"北京市密云区民政局","0 ","3","1 ","8","2 ","54","3 ","2","4 ","0","  ","0"
"北京市密云区民族宗教侨务办公室","0 ","0","1 ","1","2 ","3","3 ","0","4 ","0","  ","0"
"北京市密云区农业局","0 ","0","1 ","65","2 ","138","3 ","9","4 ","0","  ","0"
"北京市密云区气象局","0 ","0","1 ","0","2 ","8","3 ","0","4 ","0","  ","0"
"北京市密云区人力资源和社会保障局","0 ","0","1 ","13","2 ","48","3 ","12","4 ","0","  ","0"
"北京市密云区人民政府","0 ","0","1 ","33","2 ","51","3 ","3","4 ","0","  ","0"
"北京市密云区人民政府法制办公室","0 ","0","1 ","0","2 ","11","3 ","4","4 ","0","  ","0"
"北京市密云区商务委员会","0 ","0","1 ","8","2 ","37","3 ","2","4 ","0","  ","0"
"北京市密云区审计局","0 ","0","1 ","11","2 ","36","3 ","7","4 ","0","  ","0"
"北京市密云区食品药品监督管理局","0 ","0","1 ","11","2 ","72","3 ","13","4 ","0","  ","0"
"北京市密云区市政市容管理委员会","0 ","0","1 ","1","2 ","30","3 ","1","4 ","0","  ","0"
"北京市密云区水务局","0 ","0","1 ","22","2 ","87","3 ","11","4 ","0","  ","0"
"北京市密云区司法局","0 ","0","1 ","2","2 ","17","3 ","1","4 ","0","  ","0"
"北京市密云区体育局","0 ","0","1 ","4","2 ","6","3 ","1","4 ","0","  ","0"
"北京市密云区统计局","0 ","0","1 ","29","2 ","113","3 ","12","4 ","0","  ","0"
"北京市密云区卫生和计划生育委员会","0 ","0","1 ","21","2 ","58","3 ","7","4 ","0","  ","0"
"北京市密云区文化委员会","0 ","0","1 ","3","2 ","9","3 ","1","4 ","0","  ","0"
"北京市密云区烟草专卖局","0 ","0","1 ","2","2 ","24","3 ","1","4 ","0","  ","0"
"北京市密云区园林绿化局","0 ","0","1 ","26","2 ","106","3 ","4","4 ","0","  ","0"
"北京市密云区知识产权局","0 ","0","1 ","0","2 ","1","3 ","0","4 ","0","  ","0"
"北京市密云区质量技术监督局","0 ","0","1 ","3","2 ","20","3 ","3","4 ","0","  ","0"
"北京市密云区住房和城乡建设委员会","0 ","0","1 ","21","2 ","95","3 ","6","4 ","0","  ","0"
"北京市民防局","0 ","0","1 ","2","2 ","119","3 ","28","4 ","0","  ","0"
"北京市民政局","0 ","0","1 ","2","2 ","123","3 ","79","4 ","0","  ","0"
"北京市民族事务委员会","0 ","0","1 ","0","2 ","19","3 ","11","4 ","0","  ","0"
"北京市南水北调工程执法大队","0 ","0","1 ","1","2 ","12","3 ","3","4 ","0","  ","0"
"北京市农业局","0 ","0","1 ","30","2 ","229","3 ","147","4 ","8","  ","0"
"北京市平谷区安全生产监督管理局","0 ","0","1 ","2","2 ","34","3 ","0","4 ","0","  ","0"
"北京市平谷区财政局","0 ","0","1 ","4","2 ","9","3 ","1","4 ","0","  ","0"
"北京市平谷区城市管理综合行政执法监察局","0 ","0","1 ","13","2 ","155","3 ","15","4 ","0","  ","0"
"北京市平谷区档案局","0 ","0","1 ","0","2 ","4","3 ","1","4 ","0","  ","0"
"北京市平谷区地方税务局","0 ","0","1 ","37","2 ","167","3 ","16","4 ","0","  ","0"
"北京市平谷区地震局","0 ","0","1 ","2","2 ","8","3 ","0","4 ","0","  ","0"
"北京市平谷区发展和改革委员会","0 ","0","1 ","6","2 ","14","3 ","4","4 ","0","  ","0"
"北京市平谷区公安消防支队","0 ","0","1 ","2","2 ","17","3 ","0","4 ","0","  ","0"
"北京市平谷区国家保密局","0 ","0","1 ","1","2 ","1","3 ","0","4 ","0","  ","0"
"北京市平谷区环境保护局","0 ","0","1 ","10","2 ","56","3 ","1","4 ","0","  ","0"
"北京市平谷区交通局","0 ","0","1 ","39","2 ","93","3 ","2","4 ","0","  ","0"
"北京市平谷区教育委员会","0 ","0","1 ","0","2 ","27","3 ","3","4 ","0","  ","0"
"北京市平谷区经济和信息化委员会","0 ","0","1 ","0","2 ","4","3 ","0","4 ","0","  ","0"
"北京市平谷区科学技术委员会","0 ","0","1 ","0","2 ","4","3 ","2","4 ","0","  ","0"
"北京市平谷区旅游发展委员会","0 ","3","1 ","2","2 ","16","3 ","1","4 ","0","  ","0"
"北京市平谷区民防局","0 ","0","1 ","3","2 ","17","3 ","0","4 ","0","  ","0"
"北京市平谷区民政局","0 ","0","1 ","4","2 ","39","3 ","4","4 ","0","  ","0"
"北京市平谷区民族宗教事务办公室","0 ","0","1 ","0","2 ","2","3 ","0","4 ","0","  ","0"
"北京市平谷区农业局","0 ","0","1 ","43","2 ","96","3 ","12","4 ","1","  ","0"
"北京市平谷区气象局","0 ","0","1 ","3","2 ","13","3 ","0","4 ","0","  ","0"
"北京市平谷区人力资源和社会保障局","0 ","0","1 ","26","2 ","179","3 ","15","4 ","0","  ","0"
"北京市平谷区人民政府","0 ","0","1 ","14","2 ","81","3 ","12","4 ","0","  ","0"
"北京市平谷区人民政府法制办公室","0 ","0","1 ","1","2 ","15","3 ","3","4 ","0","  ","0"
"北京市平谷区商务委员会","0 ","0","1 ","5","2 ","9","3 ","5","4 ","0","  ","0"
"北京市平谷区审计局","0 ","0","1 ","2","2 ","35","3 ","3","4 ","0","  ","0"
"北京市平谷区食品药品监督管理局","0 ","0","1 ","7","2 ","74","3 ","20","4 ","0","  ","0"
"北京市平谷区市政市容管理委员会","0 ","0","1 ","3","2 ","38","3 ","3","4 ","0","  ","0"
"北京市平谷区水务局","0 ","0","1 ","15","2 ","54","3 ","2","4 ","0","  ","0"
"北京市平谷区司法局","0 ","0","1 ","3","2 ","18","3 ","1","4 ","0","  ","0"
"北京市平谷区体育局","0 ","0","1 ","1","2 ","9","3 ","1","4 ","0","  ","0"
"北京市平谷区统计局","0 ","0","1 ","14","2 ","89","3 ","11","4 ","0","  ","0"
"北京市平谷区卫生和计划生育委员会","0 ","0","1 ","6","2 ","46","3 ","2","4 ","0","  ","0"
"北京市平谷区文化委员会","0 ","0","1 ","1","2 ","14","3 ","0","4 ","0","  ","0"
"北京市平谷区烟草专卖局","0 ","0","1 ","5","2 ","17","3 ","2","4 ","0","  ","0"
"北京市平谷区园林绿化局","0 ","0","1 ","20","2 ","75","3 ","2","4 ","0","  ","0"
"北京市平谷区质量技术监督局","0 ","0","1 ","3","2 ","33","3 ","0","4 ","0","  ","0"
"北京市平谷区住房和城乡建设委员会","0 ","0","1 ","26","2 ","83","3 ","6","4 ","0","  ","0"
"北京市气象局","0 ","0","1 ","5","2 ","20","3 ","30","4 ","0","  ","0"
"北京市人力资源和社会保障局","0 ","0","1 ","4","2 ","185","3 ","68","4 ","2","  ","0"
"北京市人民政府","0 ","0","1 ","0","2 ","1","3 ","0","4 ","0","  ","0"
"北京市人民政府法制办公室","0 ","0","1 ","3","2 ","37","3 ","46","4 ","5","  ","0"
"北京市商务委员会","0 ","0","1 ","1","2 ","44","3 ","17","4 ","0","  ","0"
"北京市审计局","0 ","0","1 ","19","2 ","344","3 ","154","4 ","9","  ","0"
"北京市石景山区安全生产监督管理局","0 ","0","1 ","0","2 ","26","3 ","7","4 ","0","  ","0"
"北京市石景山区财政局","0 ","0","1 ","0","2 ","35","3 ","1","4 ","0","  ","0"
"北京市石景山区城市管理委员会","0 ","0","1 ","4","2 ","35","3 ","10","4 ","0","  ","0"
"北京市石景山区城市管理综合行政执法监察局","0 ","0","1 ","20","2 ","184","3 ","49","4 ","0","  ","0"
"北京市石景山区档案局","0 ","0","1 ","2","2 ","13","3 ","7","4 ","0","  ","0"
"北京市石景山区地方税务局","0 ","0","1 ","69","2 ","126","3 ","15","4 ","0","  ","0"
"北京市石景山区地震局","0 ","0","1 ","2","2 ","2","3 ","2","4 ","0","  ","0"
"北京市石景山区动物卫生监督管理局","0 ","0","1 ","2","2 ","8","3 ","3","4 ","0","  ","0"
"北京市石景山区发展和改革委员会","0 ","0","1 ","0","2 ","14","3 ","6","4 ","0","  ","0"
"北京市石景山区公安消防支队","0 ","0","1 ","4","2 ","39","3 ","9","4 ","0","  ","0"
"北京市石景山区国家保密局","0 ","0","1 ","0","2 ","1","3 ","5","4 ","0","  ","0"
"北京市石景山区环境保护局","0 ","0","1 ","8","2 ","28","3 ","4","4 ","0","  ","0"
"北京市石景山区机构编制委员会办公室","0 ","0","1 ","0","2 ","2","3 ","0","4 ","0","  ","0"
"北京市石景山区教育委员会","0 ","0","1 ","0","2 ","27","3 ","19","4 ","0","  ","0"
"北京市石景山区经济和信息化委员会","0 ","0","1 ","0","2 ","2","3 ","6","4 ","0","  ","0"
"北京市石景山区科学技术委员会","0 ","0","1 ","1","2 ","2","3 ","1","4 ","0","  ","0"
"北京市石景山区旅游发展委员会","0 ","0","1 ","0","2 ","3","3 ","6","4 ","0","  ","0"
"北京市石景山区民防局","0 ","0","1 ","1","2 ","24","3 ","4","4 ","0","  ","0"
"北京市石景山区民政局","0 ","0","1 ","2","2 ","10","3 ","2","4 ","0","  ","0"
"北京市石景山区民族宗教事务办公室","0 ","1","1 ","0","2 ","8","3 ","0","4 ","0","  ","0"
"北京市石景山区气象局","0 ","1","1 ","1","2 ","3","3 ","2","4 ","0","  ","0"
"北京市石景山区人力资源和社会保障局","0 ","0","1 ","2","2 ","24","3 ","8","4 ","0","  ","0"
"北京市石景山区人民政府","0 ","0","1 ","0","2 ","12","3 ","5","4 ","0","  ","0"
"北京市石景山区人民政府法制办公室","0 ","0","1 ","0","2 ","8","3 ","7","4 ","0","  ","0"
"北京市石景山区人民政府集体经济办公室","0 ","2","1 ","7","2 ","16","3 ","2","4 ","0","  ","0"
"北京市石景山区商务委员会","0 ","0","1 ","0","2 ","15","3 ","1","4 ","0","  ","0"
"北京市石景山区审计局","0 ","0","1 ","1","2 ","50","3 ","9","4 ","0","  ","0"
"北京市石景山区食品药品监督管理局","0 ","0","1 ","12","2 ","54","3 ","25","4 ","0","  ","0"
"北京市石景山区水务局","0 ","0","1 ","17","2 ","29","3 ","3","4 ","0","  ","0"
"北京市石景山区司法局","0 ","0","1 ","1","2 ","21","3 ","2","4 ","0","  ","0"
"北京市石景山区体育局","0 ","0","1 ","0","2 ","7","3 ","3","4 ","0","  ","0"
"北京市石景山区统计局","0 ","0","1 ","9","2 ","119","3 ","18","4 ","0","  ","0"
"北京市石景山区卫生和计划生育委员会","0 ","0","1 ","2","2 ","41","3 ","10","4 ","0","  ","0"
"北京市石景山区文化委员会","0 ","0","1 ","0","2 ","15","3 ","1","4 ","0","  ","0"
"北京市石景山区烟草专卖局","0 ","0","1 ","3","2 ","24","3 ","3","4 ","0","  ","0"
"北京市石景山区园林绿化局","0 ","0","1 ","9","2 ","20","3 ","4","4 ","1","  ","0"
"北京市石景山区质量技术监督局","0 ","0","1 ","2","2 ","31","3 ","5","4 ","0","  ","0"
"北京市石景山区住房和城乡建设委员会","0 ","0","1 ","11","2 ","93","3 ","11","4 ","1","  ","0"
"北京市食品药品监督管理局","0 ","0","1 ","14","2 ","248","3 ","141","4 ","31","  ","0"
"北京市食品药品监督管理局机场地区及保税区分局","0 ","0","1 ","0","2 ","1","3 ","1","4 ","0","  ","0"
"北京市食品药品监督管理局经济技术开发区分局","0 ","0","1 ","0","2 ","16","3 ","9","4 ","0","  ","0"
"北京市食品药品监督管理局天安门地区分局","0 ","0","1 ","1","2 ","8","3 ","1","4 ","0","  ","0"
"北京市食品药品监督管理局铁路车站地区分局","0 ","0","1 ","2","2 ","6","3 ","6","4 ","0","  ","0"
"北京市食品药品监督管理局燕山地区分局","0 ","0","1 ","1","2 ","13","3 ","3","4 ","1","  ","0"
"北京市水务局","0 ","0","1 ","216","2 ","508","3 ","80","4 ","7","  ","0"
"北京市顺义区安全生产监督管理局","0 ","0","1 ","8","2 ","41","3 ","3","4 ","0","  ","0"
"北京市顺义区财政局","0 ","0","1 ","10","2 ","53","3 ","3","4 ","0","  ","0"
"北京市顺义区城市管理综合行政执法监察局","0 ","0","1 ","32","2 ","239","3 ","15","4 ","0","  ","0"
"北京市顺义区档案局","0 ","0","1 ","1","2 ","16","3 ","1","4 ","0","  ","0"
"北京市顺义区地方税务局","0 ","0","1 ","75","2 ","227","3 ","36","4 ","0","  ","0"
"北京市顺义区地震局","0 ","0","1 ","0","2 ","5","3 ","1","4 ","0","  ","0"
"北京市顺义区动物卫生监督管理局","0 ","0","1 ","17","2 ","39","3 ","19","4 ","0","  ","0"
"北京市顺义区发展和改革委员会","0 ","0","1 ","8","2 ","21","3 ","6","4 ","1","  ","0"
"北京市顺义区公安消防支队","0 ","0","1 ","0","2 ","40","3 ","0","4 ","0","  ","0"
"北京市顺义区国家保密局","0 ","0","1 ","0","2 ","2","3 ","1","4 ","0","  ","0"
"北京市顺义区环境保护局","0 ","0","1 ","7","2 ","57","3 ","7","4 ","0","  ","0"
"北京市顺义区机构编制委员会办公室","0 ","0","1 ","0","2 ","5","3 ","0","4 ","0","  ","0"
"北京市顺义区交通局","0 ","0","1 ","65","2 ","129","3 ","5","4 ","0","  ","0"
"北京市顺义区教育委员会","0 ","0","1 ","0","2 ","61","3 ","9","4 ","0","  ","0"
"北京市顺义区经济和信息化委员会","0 ","0","1 ","0","2 ","2","3 ","0","4 ","0","  ","0"
"北京市顺义区科学技术委员会","0 ","0","1 ","0","2 ","3","3 ","0","4 ","1","  ","0"
"北京市顺义区旅游发展委员会","0 ","0","1 ","2","2 ","20","3 ","2","4 ","0","  ","0"
"北京市顺义区民防局","0 ","0","1 ","2","2 ","17","3 ","1","4 ","0","  ","0"
"北京市顺义区民政局","0 ","0","1 ","1","2 ","42","3 ","8","4 ","0","  ","0"
"北京市顺义区民族宗教事务局","0 ","0","1 ","0","2 ","11","3 ","2","4 ","0","  ","0"
"北京市顺义区农村工作委员会","0 ","0","1 ","29","2 ","51","3 ","2","4 ","0","  ","0"
"北京市顺义区气象局","0 ","0","1 ","2","2 ","4","3 ","0","4 ","0","  ","0"
"北京市顺义区人力资源和社会保障局","0 ","0","1 ","20","2 ","270","3 ","34","4 ","0","  ","0"
"北京市顺义区人民政府法制办公室","0 ","0","1 ","1","2 ","16","3 ","2","4 ","1","  ","0"
"北京市顺义区商务委员会","0 ","0","1 ","2","2 ","24","3 ","0","4 ","0","  ","0"
"北京市顺义区审计局","0 ","0","1 ","2","2 ","48","3 ","5","4 ","0","  ","0"
"北京市顺义区食品药品监督管理局","0 ","0","1 ","9","2 ","126","3 ","15","4 ","0","  ","0"
"北京市顺义区市政市容管理委员会","0 ","0","1 ","0","2 ","3","3 ","1","4 ","0","  ","0"
"北京市顺义区水务局","0 ","0","1 ","47","2 ","60","3 ","7","4 ","0","  ","0"
"北京市顺义区司法局","0 ","0","1 ","0","2 ","68","3 ","4","4 ","0","  ","0"
"北京市顺义区体育局","0 ","0","1 ","1","2 ","10","3 ","0","4 ","0","  ","0"
"北京市顺义区统计局","0 ","0","1 ","12","2 ","147","3 ","3","4 ","0","  ","0"
"北京市顺义区卫生和计划生育委员会","0 ","7","1 ","3","2 ","57","3 ","1","4 ","0","  ","0"
"北京市顺义区文化委员会","0 ","0","1 ","7","2 ","8","3 ","0","4 ","0","  ","0"
"北京市顺义区烟草专卖局","0 ","0","1 ","14","2 ","23","3 ","4","4 ","0","  ","0"
"北京市顺义区园林绿化局","0 ","0","1 ","35","2 ","32","3 ","0","4 ","1","  ","0"
"北京市顺义区知识产权局","0 ","0","1 ","3","2 ","8","3 ","1","4 ","0","  ","0"
"北京市顺义区质量技术监督局","0 ","0","1 ","0","2 ","34","3 ","3","4 ","0","  ","0"
"北京市顺义区住房和城乡建设委员会","0 ","0","1 ","48","2 ","86","3 ","9","4 ","1","  ","0"
"北京市司法局","0 ","0","1 ","1","2 ","41","3 ","112","4 ","0","  ","0"
"北京市体育局","0 ","0","1 ","7","2 ","42","3 ","10","4 ","0","  ","0"
"北京市通信管理局","0 ","0","1 ","3","2 ","13","3 ","11","4 ","1","  ","0"
"北京市通州区爱国卫生运动委员会办公室","0 ","0","1 ","1","2 ","0","3 ","0","4 ","0","  ","0"
"北京市通州区安全生产监督管理局","0 ","0","1 ","7","2 ","51","3 ","5","4 ","0","  ","0"
"北京市通州区财政局","0 ","0","1 ","0","2 ","19","3 ","2","4 ","0","  ","0"
"北京市通州区城市管理综合行政执法监察局","0 ","0","1 ","37","2 ","210","3 ","29","4 ","0","  ","0"
"北京市通州区档案局","0 ","0","1 ","0","2 ","12","3 ","0","4 ","0","  ","0"
"北京市通州区地方税务局","0 ","0","1 ","33","2 ","137","3 ","18","4 ","0","  ","0"
"北京市通州区地震局","0 ","0","1 ","0","2 ","6","3 ","3","4 ","0","  ","0"
"北京市通州区发展和改革委员会","0 ","0","1 ","10","2 ","8","3 ","0","4 ","1","  ","0"
"北京市通州区公安消防支队","0 ","0","1 ","3","2 ","40","3 ","3","4 ","0","  ","0"
"北京市通州区国家保密局","0 ","0","1 ","2","2 ","2","3 ","1","4 ","0","  ","0"
"北京市通州区环境保护局","0 ","0","1 ","9","2 ","52","3 ","1","4 ","0","  ","0"
"北京市通州区交通局","0 ","0","1 ","51","2 ","118","3 ","7","4 ","0","  ","0"
"北京市通州区教育委员会","0 ","0","1 ","2","2 ","37","3 ","10","4 ","0","  ","0"
"北京市通州区经济和信息化委员会","0 ","0","1 ","0","2 ","3","3 ","2","4 ","1","  ","0"
"北京市通州区科学技术委员会","0 ","0","1 ","0","2 ","10","3 ","2","4 ","0","  ","0"
"北京市通州区粮食局","0 ","0","1 ","0","2 ","4","3 ","0","4 ","0","  ","0"
"北京市通州区旅游发展委员会","0 ","0","1 ","0","2 ","12","3 ","0","4 ","0","  ","0"
"北京市通州区民防局","0 ","0","1 ","5","2 ","16","3 ","0","4 ","0","  ","0"
"北京市通州区民政局","0 ","0","1 ","6","2 ","25","3 ","2","4 ","0","  ","0"
"北京市通州区民族宗教侨务办公室","0 ","0","1 ","1","2 ","3","3 ","2","4 ","0","  ","0"
"北京市通州区农业局","0 ","0","1 ","113","2 ","166","3 ","19","4 ","0","  ","0"
"北京市通州区气象局","0 ","0","1 ","0","2 ","7","3 ","2","4 ","0","  ","0"
"北京市通州区人力资源和社会保障局","0 ","0","1 ","0","2 ","19","3 ","0","4 ","0","  ","0"
"北京市通州区人民政府法制办公室","0 ","0","1 ","0","2 ","14","3 ","1","4 ","1","  ","0"
"北京市通州区商务委员会","0 ","0","1 ","2","2 ","10","3 ","2","4 ","0","  ","0"
"北京市通州区审计局","0 ","0","1 ","4","2 ","40","3 ","10","4 ","0","  ","0"
"北京市通州区食品药品监督管理局","0 ","0","1 ","0","2 ","3","3 ","5","4 ","0","  ","0"
"北京市通州区市政市容管理委员会","0 ","0","1 ","6","2 ","7","3 ","3","4 ","0","  ","0"
"北京市通州区水务局","0 ","0","1 ","39","2 ","40","3 ","1","4 ","0","  ","0"
"北京市通州区司法局","0 ","0","1 ","0","2 ","66","3 ","9","4 ","1","  ","0"
"北京市通州区体育局","0 ","0","1 ","0","2 ","3","3 ","0","4 ","0","  ","0"
"北京市通州区统计局","0 ","0","1 ","7","2 ","69","3 ","9","4 ","0","  ","0"
"北京市通州区卫生和计划生育委员会","0 ","0","1 ","3","2 ","41","3 ","13","4 ","0","  ","0"
"北京市通州区文化委员会","0 ","0","1 ","0","2 ","17","3 ","1","4 ","0","  ","0"
"北京市通州区烟草专卖局","0 ","0","1 ","16","2 ","27","3 ","7","4 ","0","  ","0"
"北京市通州区园林绿化局","0 ","0","1 ","22","2 ","63","3 ","10","4 ","1","  ","0"
"北京市通州区质量技术监督局","0 ","0","1 ","0","2 ","46","3 ","8","4 ","0","  ","0"
"北京市通州区住房和城乡建设委员会","0 ","0","1 ","8","2 ","79","3 ","4","4 ","0","  ","0"
"北京市统计局","0 ","0","1 ","1","2 ","172","3 ","34","4 ","0","  ","0"
"北京市卫生和计划生育委员会","0 ","0","1 ","1","2 ","91","3 ","29","4 ","2","  ","0"
"北京市文化市场行政执法总队","0 ","0","1 ","7","2 ","93","3 ","24","4 ","0","  ","0"
"北京市文物局","0 ","0","1 ","0","2 ","15","3 ","10","4 ","0","  ","0"
"北京市西城区安全生产监督管理局","0 ","0","1 ","4","2 ","52","3 ","10","4 ","0","  ","0"
"北京市西城区财政局","0 ","0","1 ","1","2 ","12","3 ","4","4 ","1","  ","0"
"北京市西城区城市管理委员会","0 ","0","1 ","0","2 ","12","3 ","4","4 ","0","  ","0"
"北京市西城区城市管理综合行政执法监察局","0 ","0","1 ","111","2 ","437","3 ","61","4 ","0","  ","0"
"北京市西城区城市管理综合行政执法监察局北京西站地区分局","0 ","0","1 ","0","2 ","67","3 ","21","4 ","0","  ","0"
"北京市西城区档案局","0 ","0","1 ","0","2 ","21","3 ","4","4 ","0","  ","0"
"北京市西城区地方税务局","0 ","0","1 ","63","2 ","544","3 ","53","4 ","0","  ","0"
"北京市西城区发展和改革委员会","0 ","0","1 ","6","2 ","31","3 ","7","4 ","3","  ","0"
"北京市西城区房屋管理局","0 ","0","1 ","0","2 ","53","3 ","2","4 ","0","  ","0"
"北京市西城区公安消防支队","0 ","0","1 ","1","2 ","48","3 ","16","4 ","0","  ","0"
"北京市西城区国家保密局","0 ","0","1 ","1","2 ","4","3 ","7","4 ","0","  ","0"
"北京市西城区环境保护局","0 ","1","1 ","6","2 ","70","3 ","2","4 ","0","  ","0"
"北京市西城区机构编制委员会办公室","0 ","0","1 ","0","2 ","6","3 ","3","4 ","0","  ","0"
"北京市西城区教育委员会","0 ","0","1 ","4","2 ","8","3 ","5","4 ","0","  ","0"
"北京市西城区科技和信息化委员会","0 ","0","1 ","0","2 ","9","3 ","9","4 ","0","  ","0"
"北京市西城区旅游发展委员会","0 ","0","1 ","0","2 ","12","3 ","1","4 ","0","  ","0"
"北京市西城区民防局","0 ","7","1 ","0","2 ","8","3 ","1","4 ","0","  ","0"
"北京市西城区民政局","0 ","0","1 ","1","2 ","29","3 ","6","4 ","0","  ","0"
"北京市西城区民族宗教事务办公室","0 ","0","1 ","0","2 ","10","3 ","3","4 ","0","  ","0"
"北京市西城区人力资源和社会保障局","0 ","0","1 ","12","2 ","159","3 ","31","4 ","0","  ","0"
"北京市西城区人民政府法制办公室","0 ","0","1 ","5","2 ","25","3 ","5","4 ","0","  ","0"
"北京市西城区人民政府节约用水办公室","0 ","0","1 ","3","2 ","0","3 ","0","4 ","0","  ","0"
"北京市西城区商务委员会","0 ","0","1 ","0","2 ","4","3 ","0","4 ","0","  ","0"
"北京市西城区审计局","0 ","0","1 ","13","2 ","48","3 ","7","4 ","0","  ","0"
"北京市西城区食品药品监督管理局","0 ","0","1 ","20","2 ","133","3 ","51","4 ","0","  ","0"
"北京市西城区司法局","0 ","0","1 ","0","2 ","31","3 ","23","4 ","0","  ","0"
"北京市西城区体育局","0 ","0","1 ","0","2 ","4","3 ","0","4 ","0","  ","0"
"北京市西城区统计局","0 ","0","1 ","0","2 ","62","3 ","5","4 ","0","  ","0"
"北京市西城区卫生和计划生育委员会","0 ","0","1 ","16","2 ","129","3 ","50","4 ","2","  ","0"
"北京市西城区文化委员会","0 ","0","1 ","2","2 ","29","3 ","0","4 ","0","  ","0"
"北京市西城区烟草专卖局","0 ","0","1 ","22","2 ","26","3 ","7","4 ","0","  ","0"
"北京市西城区园林绿化局","0 ","0","1 ","1","2 ","1","3 ","1","4 ","0","  ","0"
"北京市西城区质量技术监督局","0 ","0","1 ","6","2 ","34","3 ","13","4 ","0","  ","0"
"北京市西城区住房和城市建设委员会","0 ","0","1 ","3","2 ","66","3 ","12","4 ","0","  ","0"
"北京市新闻出版广电局","0 ","0","1 ","2","2 ","110","3 ","106","4 ","4","  ","0"
"北京市烟草专卖局","0 ","0","1 ","2","2 ","67","3 ","30","4 ","1","  ","0"
"北京市延庆区安全生产监督管理局","0 ","0","1 ","3","2 ","31","3 ","7","4 ","0","  ","0"
"北京市延庆区财政局","0 ","0","1 ","0","2 ","24","3 ","10","4 ","0","  ","0"
"北京市延庆区城市管理综合行政执法监察局","0 ","0","1 ","22","2 ","119","3 ","10","4 ","0","  ","0"
"北京市延庆区档案局","0 ","0","1 ","0","2 ","15","3 ","0","4 ","0","  ","0"
"北京市延庆区地方税务局","0 ","0","1 ","18","2 ","154","3 ","19","4 ","0","  ","0"
"北京市延庆区地震局","0 ","0","1 ","0","2 ","7","3 ","1","4 ","0","  ","0"
"北京市延庆区发展和改革委员会","0 ","0","1 ","1","2 ","38","3 ","5","4 ","0","  ","0"
"北京市延庆区公安局","0 ","0","1 ","149","2 ","637","3 ","15","4 ","0","  ","0"
"北京市延庆区公安局交通大队","0 ","0","1 ","47","2 ","149","3 ","2","4 ","0","  ","0"
"北京市延庆区公安消防支队","0 ","0","1 ","2","2 ","12","3 ","0","4 ","0","  ","0"
"北京市延庆区国家保密局","0 ","0","1 ","1","2 ","3","3 ","3","4 ","0","  ","0"
"北京市延庆区环境保护局","0 ","0","1 ","5","2 ","38","3 ","4","4 ","0","  ","0"
"北京市延庆区机构编制委员会办公室","0 ","0","1 ","0","2 ","7","3 ","0","4 ","0","  ","0"
"北京市延庆区交通局","0 ","0","1 ","52","2 ","121","3 ","4","4 ","0","  ","0"
"北京市延庆区教育委员会","0 ","0","1 ","0","2 ","19","3 ","0","4 ","0","  ","0"
"北京市延庆区经济和信息化委员会","0 ","0","1 ","2","2 ","4","3 ","0","4 ","0","  ","0"
"北京市延庆区科学技术委员会","0 ","0","1 ","0","2 ","10","3 ","0","4 ","0","  ","0"
"北京市延庆区旅游发展委员会","0 ","0","1 ","0","2 ","16","3 ","0","4 ","0","  ","0"
"北京市延庆区民防局","0 ","0","1 ","3","2 ","13","3 ","0","4 ","0","  ","0"
"北京市延庆区民政局","0 ","0","1 ","20","2 ","85","3 ","5","4 ","0","  ","0"
"北京市延庆区农业局","0 ","0","1 ","68","2 ","101","3 ","20","4 ","1","  ","0"
"北京市延庆区气象局","0 ","0","1 ","0","2 ","5","3 ","2","4 ","0","  ","0"
"北京市延庆区人力资源和社会保障局","0 ","0","1 ","2","2 ","46","3 ","4","4 ","0","  ","0"
"北京市延庆区人民政府","0 ","0","1 ","20","2 ","91","3 ","6","4 ","0","  ","0"
"北京市延庆区人民政府法制办公室","0 ","0","1 ","0","2 ","28","3 ","3","4 ","0","  ","0"
"北京市延庆区商务委员会","0 ","0","1 ","3","2 ","19","3 ","0","4 ","0","  ","0"
"北京市延庆区审计局","0 ","0","1 ","2","2 ","43","3 ","1","4 ","1","  ","0"
"北京市延庆区食品药品监督管理局","0 ","0","1 ","7","2 ","66","3 ","14","4 ","0","  ","0"
"北京市延庆区市政市容管理委员会","0 ","0","1 ","1","2 ","12","3 ","0","4 ","0","  ","0"
"北京市延庆区水务局","0 ","0","1 ","17","2 ","61","3 ","3","4 ","0","  ","0"
"北京市延庆区司法局","0 ","0","1 ","0","2 ","25","3 ","3","4 ","0","  ","0"
"北京市延庆区体育局","0 ","0","1 ","2","2 ","3","3 ","0","4 ","0","  ","0"
"北京市延庆区统计局","0 ","0","1 ","1","2 ","30","3 ","0","4 ","0","  ","0"
"北京市延庆区卫生和计划生育委员会","0 ","0","1 ","7","2 ","37","3 ","7","4 ","0","  ","0"
"北京市延庆区文化委员会","0 ","0","1 ","1","2 ","13","3 ","1","4 ","0","  ","0"
"北京市延庆区烟草专卖局","0 ","0","1 ","0","2 ","20","3 ","3","4 ","0","  ","0"
"北京市延庆区园林绿化局","0 ","0","1 ","34","2 ","91","3 ","1","4 ","0","  ","0"
"北京市延庆区质量技术监督局","0 ","0","1 ","6","2 ","17","3 ","3","4 ","0","  ","0"
"北京市延庆区住房和城乡建设委员会","0 ","0","1 ","3","2 ","57","3 ","3","4 ","0","  ","0"
"北京市邮政管理局","0 ","1","1 ","0","2 ","24","3 ","20","4 ","0","  ","0"
"北京市园林绿化局","0 ","3","1 ","97","2 ","212","3 ","77","4 ","8","  ","0"
"北京市园林绿化局行政执法部门","0 ","0","1 ","0","2 ","3","3 ","0","4 ","0","  ","0"
"北京市招生考试委员会","0 ","0","1 ","2","2 ","35","3 ","62","4 ","4","  ","0"
"北京市知识产权局","0 ","0","1 ","2","2 ","18","3 ","45","4 ","3","  ","0"
"北京市质量技术监督局","0 ","0","1 ","4","2 ","101","3 ","34","4 ","4","  ","0"
"北京市质量技术监督局燕山分局","0 ","0","1 ","0","2 ","9","3 ","0","4 ","0","  ","0"
"北京市住房和城乡建设委员会","0 ","0","1 ","24","2 ","441","3 ","268","4 ","13","  ","0"
"北京住房公积金管理中心","0 ","0","1 ","45","2 ","288","3 ","48","4 ","2","  ","0"
"朝阳区网络安全保卫大队","0 ","0","1 ","5","2 ","33","3 ","1","4 ","0","  ","0"
"大兴区网络安全保卫大队","0 ","0","1 ","0","2 ","12","3 ","5","4 ","0","  ","0"
"东城区网络安全保卫大队","0 ","0","1 ","1","2 ","27","3 ","3","4 ","0","  ","0"
"房山区网络安全保卫大队","0 ","0","1 ","0","2 ","14","3 ","1","4 ","0","  ","0"
"丰台区网络安全保卫大队","0 ","0","1 ","2","2 ","23","3 ","5","4 ","0","  ","0"
"海淀区网络安全保卫大队","0 ","0","1 ","3","2 ","25","3 ","8","4 ","0","  ","0"
"怀柔区网络安全保卫大队","0 ","0","1 ","0","2 ","9","3 ","0","4 ","0","  ","0"
"门头沟区网络安全保卫大队","0 ","0","1 ","0","2 ","6","3 ","2","4 ","0","  ","0"
"密云区网络安全保卫大队","0 ","0","1 ","0","2 ","4","3 ","0","4 ","0","  ","0"
"平谷区网络安全保卫大队","0 ","0","1 ","0","2 ","12","3 ","0","4 ","0","  ","0"
"石景山区网络安全保卫大队","0 ","0","1 ","1","2 ","16","3 ","3","4 ","0","  ","0"
"顺义区网络安全保卫大队","0 ","0","1 ","0","2 ","18","3 ","1","4 ","0","  ","0"
"通州区网络安全保卫大队","0 ","0","1 ","2","2 ","11","3 ","2","4 ","0","  ","0"
"网络安全保卫总队","0 ","0","1 ","0","2 ","1","3 ","1","4 ","0","  ","0"
"西城区网络安全保卫大队","0 ","0","1 ","2","2 ","25","3 ","5","4 ","0","  ","0"
